[{"id":"d00cd40f56805588","type":"inject","z":"55d874b3663f3a68","name":"","props":[{"p":"payload"},{"p":"topic","vt":"str"}],"repeat":"14400","crontab":"","once":false,"onceDelay":0.1,"topic":"","payload":"","payloadType":"date","x":220,"y":2020,"wires":[["c264c1262a8ba29d","ebe7dc38cb4132a1"]]},{"id":"c264c1262a8ba29d","type":"http request","z":"55d874b3663f3a68","name":"","method":"GET","ret":"obj","paytoqs":"ignore","url":"https://web-api.shgas.com.cn/v1/thirdparty/common/img/getImgAuthCode","tls":"","persist":false,"proxy":"","insecureHTTPParser":false,"authType":"","senderr":false,"headers":[],"x":380,"y":2020,"wires":[["b0cc171e568cb8cf","86367a907e8cc946","cd9b9a0152ac1b8b"]]},{"id":"b0cc171e568cb8cf","type":"debug","z":"55d874b3663f3a68","name":"debug 19","active":false,"tosidebar":true,"console":false,"tostatus":false,"complete":"payload","targetType":"msg","statusVal":"","statusType":"auto","x":620,"y":2020,"wires":[]},{"id":"86367a907e8cc946","type":"change","z":"55d874b3663f3a68","name":"","rules":[{"t":"set","p":"payload","pt":"msg","to":"payload.base64Image","tot":"msg"}],"action":"","property":"","from":"","to":"","reg":false,"x":230,"y":2080,"wires":[["91e467fa7d4edac6"]]},{"id":"36b3e8e9fae13c49","type":"http request","z":"55d874b3663f3a68","name":"","method":"POST","ret":"txt","paytoqs":"ignore","url":"","tls":"","persist":false,"proxy":"","insecureHTTPParser":false,"authType":"","senderr":false,"headers":[],"x":880,"y":2120,"wires":[["6a59724d228c50dc","a294128f92722571"]]},{"id":"c0fb15520bd0520f","type":"function","z":"55d874b3663f3a68","name":"请求头","func":"\n//msg.url =\"https://web-api.shgas.com.cn/v1/user/common/doLogin\"\nmsg.url =\"https://mpshgas.huaqi-it.com.cn/v1/user/common/doLogin\"\n\nmsg.headers = {\n'User-Agent': '你自己的设备标识符'\n\n\n}\n\nmsg.payload = {\n\n \"mobile\": flow.get(\"mobile\"), \"method\": flow.get('method'), \"pwd\": flow.get('pwd'), \"smsAuthCode\": \"\", \"imgid\": flow.get('imgid'), \"imgAuthCode\": flow.get('imgAuthCode'), \"qrCode\": \"\", \"origin\": flow.get('origin'), \"timestamp\": flow.get('timestamp') \n}\nmsg.strictSSL = false\nmsg.rejectUnauthorized = false\n\nreturn msg;","outputs":1,"noerr":0,"initialize":"","finalize":"","libs":[],"x":530,"y":2220,"wires":[["7bc688c845dcf82a","b7777b6126a39635"]]},{"id":"ebe7dc38cb4132a1","type":"delay","z":"55d874b3663f3a68","name":"","pauseType":"delay","timeout":"2","timeoutUnits":"seconds","rate":"1","nbRateUnits":"1","rateUnits":"second","randomFirst":"1","randomLast":"5","randomUnits":"seconds","drop":false,"allowrate":false,"outputs":1,"x":220,"y":2220,"wires":[["629dc33f95b89220","1dc8d076afa4b43a"]]},{"id":"91e467fa7d4edac6","type":"function","z":"55d874b3663f3a68","name":"tp 赋值","func":"var ty = msg.payload;\nflow.set('tp', ty);\nmsg = {};\nmsg.payload = ty;\nreturn msg","outputs":1,"noerr":0,"initialize":"","finalize":"","libs":[],"x":460,"y":2080,"wires":[["1d5aa82a8d80bf3e"]]},{"id":"1d5aa82a8d80bf3e","type":"function","z":"55d874b3663f3a68","name":"取值加请求","func":"msg.url = \"http://192.168.123:9898/ocr/b64/text\"\nvar tp = flow.get('tp') \n//msg.headers = {};\n\nreturn msg;","outputs":1,"noerr":0,"initialize":"","finalize":"","libs":[],"x":630,"y":2100,"wires":[["b68c32698127d840","36b3e8e9fae13c49"]]},{"id":"b68c32698127d840","type":"debug","z":"55d874b3663f3a68","name":"debug 20","active":false,"tosidebar":true,"console":false,"tostatus":false,"complete":"payload","targetType":"msg","statusVal":"","statusType":"auto","x":880,"y":2060,"wires":[]},{"id":"6a59724d228c50dc","type":"function","z":"55d874b3663f3a68","name":"识别后的验证码赋值","func":"var ty = msg.payload;\nflow.set('imgAuthCode', ty);\nmsg = {};\nmsg.payload = ty;\nreturn msg\n\n","outputs":1,"noerr":0,"initialize":"","finalize":"","libs":[],"x":680,"y":2160,"wires":[[]]},{"id":"cd9b9a0152ac1b8b","type":"change","z":"55d874b3663f3a68","name":"验证码id","rules":[{"t":"set","p":"payload","pt":"msg","to":"payload.imgid","tot":"msg"}],"action":"","property":"","from":"","to":"","reg":false,"x":220,"y":2140,"wires":[["8f85fd763d7d3763"]]},{"id":"8f85fd763d7d3763","type":"function","z":"55d874b3663f3a68","name":"验证码id","func":"var ty = msg.payload;\nflow.set('imgid', ty);\nmsg = {};\nmsg.payload = ty;\nreturn msg","outputs":1,"noerr":0,"initialize":"","finalize":"","libs":[],"x":420,"y":2140,"wires":[[]]},{"id":"b7777b6126a39635","type":"http request","z":"55d874b3663f3a68","name":"","method":"POST","ret":"obj","paytoqs":"ignore","url":"","tls":"","persist":false,"proxy":"","insecureHTTPParser":false,"authType":"","senderr":false,"headers":[],"x":800,"y":2220,"wires":[["66a8c240979e2db0","5911177f9c4aaf3d"]]},{"id":"66a8c240979e2db0","type":"debug","z":"55d874b3663f3a68","name":"debug 21","active":false,"tosidebar":true,"console":true,"tostatus":false,"complete":"payload","targetType":"msg","statusVal":"","statusType":"auto","x":750,"y":2320,"wires":[]},{"id":"629dc33f95b89220","type":"change","z":"55d874b3663f3a68","name":"参数配置","rules":[{"t":"set","p":"mobile","pt":"flow","to":"","tot":"str"},{"t":"set","p":"method","pt":"flow","to":"","tot":"str"},{"t":"set","p":"pwd","pt":"flow","to":"","tot":"str"},{"t":"set","p":"origin","pt":"flow","to":"","tot":"str"},{"t":"set","p":"timestamp","pt":"flow","to":"","tot":"str"}],"action":"","property":"","from":"","to":"","reg":false,"x":400,"y":2220,"wires":[["c0fb15520bd0520f"]]},{"id":"7bc688c845dcf82a","type":"debug","z":"55d874b3663f3a68","name":"debug 22","active":false,"tosidebar":true,"console":false,"tostatus":false,"complete":"true","targetType":"full","statusVal":"","statusType":"auto","x":520,"y":2300,"wires":[]},{"id":"a294128f92722571","type":"debug","z":"55d874b3663f3a68","name":"debug 23","active":false,"tosidebar":true,"console":false,"tostatus":false,"complete":"payload","targetType":"msg","statusVal":"","statusType":"auto","x":940,"y":2160,"wires":[]},{"id":"5911177f9c4aaf3d","type":"change","z":"55d874b3663f3a68","name":"过滤token","rules":[{"t":"set","p":"payload","pt":"msg","to":"payload.token","tot":"msg"}],"action":"","property":"","from":"","to":"","reg":false,"x":220,"y":2340,"wires":[["ca6f35c22346fac5"]]},{"id":"ca6f35c22346fac5","type":"function","z":"55d874b3663f3a68","name":"token赋值","func":"var token = msg.payload;\nflow.set('token', token);\nmsg = {};\nmsg.payload = token;\nreturn msg","outputs":1,"noerr":0,"initialize":"","finalize":"","libs":[],"x":380,"y":2340,"wires":[[]]},{"id":"cc0fd1fd81d2876a","type":"function","z":"55d874b3663f3a68","name":"数据请求头","func":"\n\nmsg.url = \"https://mpshgas.huaqi-it.com.cn/v1/accountingService/queryBills\"\n\nmsg.headers = {\n    'User-Agent': '你自己的设备标识符',\n    'token': flow.get(\"token\"),\n    'Cookie': ''\n\n}\n\nmsg.payload = {\n\n    \"companyCode\": \"填入的数据\", \"customerId\": \"填入的数据\", \"origin\": \"填入的数据\", \"timestamp\": \"填入的数据\" \n}\nmsg.strictSSL = false\nmsg.rejectUnauthorized = false\n\nreturn msg;","outputs":1,"noerr":0,"initialize":"","finalize":"","libs":[],"x":410,"y":2420,"wires":[["5d2ef496f7e0f81e"]]},{"id":"1dc8d076afa4b43a","type":"delay","z":"55d874b3663f3a68","name":"","pauseType":"delay","timeout":"5","timeoutUnits":"seconds","rate":"1","nbRateUnits":"1","rateUnits":"second","randomFirst":"1","randomLast":"5","randomUnits":"seconds","drop":false,"allowrate":false,"outputs":1,"x":180,"y":2280,"wires":[["cc0fd1fd81d2876a"]]},{"id":"b1c40febc3458001","type":"debug","z":"55d874b3663f3a68","name":"debug 24","active":false,"tosidebar":true,"console":true,"tostatus":false,"complete":"payload","targetType":"msg","statusVal":"","statusType":"auto","x":730,"y":2400,"wires":[]},{"id":"5d2ef496f7e0f81e","type":"http request","z":"55d874b3663f3a68","name":"","method":"POST","ret":"obj","paytoqs":"ignore","url":"","tls":"","persist":false,"proxy":"","insecureHTTPParser":false,"authType":"","senderr":false,"headers":[],"x":560,"y":2380,"wires":[["b1c40febc3458001","37e561e8fef1d98c"]]},{"id":"73a3f86c7a67eeb2","type":"comment","z":"55d874b3663f3a68","name":"","info":"燃气余额值    \npayload.result.gasBillExt.balance\n\n月消耗燃气量值\npayload.result.monthConsumption\n\n\n账单\n\npayload.bills","x":170,"y":2400,"wires":[]},{"id":"37e561e8fef1d98c","type":"change","z":"55d874b3663f3a68","name":"过滤需要的数据","rules":[{"t":"set","p":"balance","pt":"flow","to":"payload.result.gasBillExt.balance","tot":"msg"},{"t":"set","p":"monthConsumption","pt":"flow","to":"payload.result.monthConsumption","tot":"msg"}],"action":"","property":"","from":"","to":"","reg":false,"x":420,"y":2500,"wires":[["8366b6c4fe35e6e6","b01f12b8ed7470c3","a8005ef21729d48b"]]},{"id":"8366b6c4fe35e6e6","type":"debug","z":"55d874b3663f3a68","name":"debug 25","active":false,"tosidebar":true,"console":true,"tostatus":false,"complete":"payload","targetType":"msg","statusVal":"","statusType":"auto","x":810,"y":2460,"wires":[]},{"id":"b01f12b8ed7470c3","type":"ha-sensor","z":"55d874b3663f3a68","name":"","entityConfig":"9942278ea753f844","version":0,"state":"balance","stateType":"flow","attributes":[{"property":"monthConsumption","value":"monthConsumption","valueType":"flow"}],"inputOverride":"allow","outputProperties":[],"x":570,"y":2460,"wires":[[]]},{"id":"a8005ef21729d48b","type":"switch","z":"55d874b3663f3a68","name":"","property":"balance","propertyType":"flow","rules":[{"t":"lte","v":"30","vt":"str"}],"checkall":"true","repair":false,"outputs":1,"x":490,"y":2560,"wires":[["c375fcf65a60bc56"]]},{"id":"c375fcf65a60bc56","type":"bizwechat-pushbear","z":"55d874b3663f3a68","name":"燃气提醒","bizwechat":"0d8b7a609b950691","touser":"","toparty":"","title":"燃气提醒","description":"燃气余额低于30元，要交钱了","longPath":false,"x":660,"y":2560,"wires":[[]]},{"id":"9942278ea753f844","type":"ha-entity-config","server":"9f12f038.c14df","deviceConfig":"","name":"上海燃气余额","version":"6","entityType":"sensor","haConfig":[{"property":"name","value":"上海燃气余额"},{"property":"icon","value":"mdi:gas-burner"},{"property":"entity_category","value":""},{"property":"device_class","value":""},{"property":"unit_of_measurement","value":"元"},{"property":"state_class","value":""}],"resend":false},{"id":"0d8b7a609b950691","type":"bizwechat-configurator","name":"","port":"","corpid":"","agentid":"","corpsecret":"","url":"","token":"","aeskey":"","client_id":"","client_secret":""},{"id":"9f12f038.c14df","type":"server","name":"ha","version":5,"addon":true,"rejectUnauthorizedCerts":true,"ha_boolean":"y|yes|true|on|home|open","connectionDelay":true,"cacheJson":true,"heartbeat":false,"heartbeatInterval":"30","areaSelector":"friendlyName","deviceSelector":"friendlyName","entitySelector":"friendlyName","statusSeparator":"at: ","statusYear":"hidden","statusMonth":"short","statusDay":"numeric","statusHourCycle":"h23","statusTimeFormat":"h:m","enableGlobalContextStore":true}]